<?xml version='1.0' encoding='utf-8'?>
<project xmlns="http://www.plcopen.org/xml/tc6_0201" xmlns:xsd="http://www.w3.org/2001/XMLSchema" xmlns:xhtml="http://www.w3.org/1999/xhtml" xmlns:ns1="http://www.plcopen.org/xml/tc6_0201">
  <fileHeader companyName="Inconnu" productName="SansNom" productVersion="1" creationDateTime="2024-03-13T11:12:12"/>
  <contentHeader name="SansNom" modificationDateTime="2024-03-20T09:25:02">
    <coordinateInfo>
      <fbd>
        <scaling x="10" y="10"/>
      </fbd>
      <ld>
        <scaling x="10" y="10"/>
      </ld>
      <sfc>
        <scaling x="10" y="10"/>
      </sfc>
    </coordinateInfo>
  </contentHeader>
  <types>
    <dataTypes/>
    <pous>
      <pou name="chenillard" pouType="program">
        <interface>
          <localVars>
            <variable name="LED1" address="%QX100.0">
              <type>
                <BOOL/>
              </type>
              <documentation>
                <xhtml:p><![CDATA[LED 1 sur carte arduino]]></xhtml:p>
              </documentation>
            </variable>
            <variable name="LED2" address="%QX100.1">
              <type>
                <BOOL/>
              </type>
              <documentation>
                <xhtml:p><![CDATA[LED 2 sur carte arduino]]></xhtml:p>
              </documentation>
            </variable>
            <variable name="LED3" address="%QX100.2">
              <type>
                <BOOL/>
              </type>
              <documentation>
                <xhtml:p><![CDATA[LED 3 sur carte arduino]]></xhtml:p>
              </documentation>
            </variable>
            <variable name="LED4" address="%QX100.3">
              <type>
                <BOOL/>
              </type>
              <documentation>
                <xhtml:p><![CDATA[LED 4 sur carte arduino]]></xhtml:p>
              </documentation>
            </variable>
          </localVars>
          <localVars>
            <variable name="VA1">
              <type>
                <BOOL/>
              </type>
              <documentation>
                <xhtml:p><![CDATA[Variable auxilière]]></xhtml:p>
              </documentation>
            </variable>
            <variable name="Timer">
              <type>
                <TIME/>
              </type>
              <initialValue>
                <simpleValue value="T#500ms"/>
              </initialValue>
              <documentation>
                <xhtml:p><![CDATA[Timer (base de temps)]]></xhtml:p>
              </documentation>
            </variable>
            <variable name="TON0">
              <type>
                <derived name="TON"/>
              </type>
            </variable>
            <variable name="TON1">
              <type>
                <derived name="TON"/>
              </type>
            </variable>
            <variable name="TON2">
              <type>
                <derived name="TON"/>
              </type>
            </variable>
            <variable name="TON3">
              <type>
                <derived name="TON"/>
              </type>
            </variable>
            <variable name="TON4">
              <type>
                <derived name="TON"/>
              </type>
            </variable>
            <variable name="TON5">
              <type>
                <derived name="TON"/>
              </type>
            </variable>
            <variable name="TON6">
              <type>
                <derived name="TON"/>
              </type>
            </variable>
            <variable name="TON7">
              <type>
                <derived name="TON"/>
              </type>
            </variable>
            <variable name="TON8">
              <type>
                <derived name="TON"/>
              </type>
            </variable>
            <variable name="TON9">
              <type>
                <derived name="TON"/>
              </type>
            </variable>
            <variable name="TON10">
              <type>
                <derived name="TON"/>
              </type>
            </variable>
          </localVars>
        </interface>
        <body>
          <LD>
            <comment localId="2" height="40" width="260">
              <position x="150" y="70"/>
              <content>
                <xhtml:p><![CDATA[Programme de base chenillard
]]></xhtml:p>
              </content>
            </comment>
            <contact localId="8" negated="true" width="21" height="20">
              <position x="210" y="150"/>
              <connectionPointIn>
                <relPosition x="0" y="10"/>
                <connection refLocalId="26">
                  <position x="210" y="160"/>
                  <position x="181" y="160"/>
                </connection>
              </connectionPointIn>
              <connectionPointOut>
                <relPosition x="21" y="10"/>
              </connectionPointOut>
              <variable>LED2</variable>
            </contact>
            <contact localId="9" negated="true" width="21" height="20">
              <position x="260" y="150"/>
              <connectionPointIn>
                <relPosition x="0" y="10"/>
                <connection refLocalId="8">
                  <position x="260" y="160"/>
                  <position x="231" y="160"/>
                </connection>
              </connectionPointIn>
              <connectionPointOut>
                <relPosition x="21" y="10"/>
              </connectionPointOut>
              <variable>LED3</variable>
            </contact>
            <contact localId="10" negated="true" width="21" height="20">
              <position x="310" y="150"/>
              <connectionPointIn>
                <relPosition x="0" y="10"/>
                <connection refLocalId="9">
                  <position x="310" y="160"/>
                  <position x="281" y="160"/>
                </connection>
              </connectionPointIn>
              <connectionPointOut>
                <relPosition x="21" y="10"/>
              </connectionPointOut>
              <variable>LED4</variable>
            </contact>
            <contact localId="11" negated="true" width="21" height="20">
              <position x="360" y="150"/>
              <connectionPointIn>
                <relPosition x="0" y="10"/>
                <connection refLocalId="10">
                  <position x="360" y="160"/>
                  <position x="331" y="160"/>
                </connection>
              </connectionPointIn>
              <connectionPointOut>
                <relPosition x="21" y="10"/>
              </connectionPointOut>
              <variable>VA1</variable>
            </contact>
            <coil localId="12" negated="false" storage="set" width="21" height="20">
              <position x="610" y="150"/>
              <connectionPointIn>
                <relPosition x="0" y="10"/>
                <connection refLocalId="11">
                  <position x="610" y="160"/>
                  <position x="381" y="160"/>
                </connection>
              </connectionPointIn>
              <connectionPointOut>
                <relPosition x="21" y="10"/>
              </connectionPointOut>
              <variable>VA1</variable>
            </coil>
            <coil localId="13" negated="false" storage="reset" width="21" height="20">
              <position x="610" y="190"/>
              <connectionPointIn>
                <relPosition x="0" y="10"/>
                <connection refLocalId="16">
                  <position x="610" y="200"/>
                  <position x="381" y="200"/>
                </connection>
              </connectionPointIn>
              <connectionPointOut>
                <relPosition x="21" y="10"/>
              </connectionPointOut>
              <variable>VA1</variable>
            </coil>
            <contact localId="3" negated="true" width="21" height="20" executionOrderId="0">
              <position x="210" y="190"/>
              <connectionPointIn>
                <relPosition x="0" y="10"/>
                <connection refLocalId="4">
                  <position x="210" y="200"/>
                  <position x="181" y="200"/>
                </connection>
              </connectionPointIn>
              <connectionPointOut>
                <relPosition x="21" y="10"/>
              </connectionPointOut>
              <variable>LED2</variable>
            </contact>
            <contact localId="14" negated="true" width="21" height="20" executionOrderId="0">
              <position x="260" y="190"/>
              <connectionPointIn>
                <relPosition x="0" y="10"/>
                <connection refLocalId="3">
                  <position x="260" y="200"/>
                  <position x="231" y="200"/>
                </connection>
              </connectionPointIn>
              <connectionPointOut>
                <relPosition x="21" y="10"/>
              </connectionPointOut>
              <variable>LED3</variable>
            </contact>
            <contact localId="15" negated="false" width="21" height="20" executionOrderId="0">
              <position x="310" y="190"/>
              <connectionPointIn>
                <relPosition x="0" y="10"/>
                <connection refLocalId="14">
                  <position x="310" y="200"/>
                  <position x="281" y="200"/>
                </connection>
                <connection refLocalId="14">
                  <position x="310" y="200"/>
                  <position x="281" y="200"/>
                </connection>
              </connectionPointIn>
              <connectionPointOut>
                <relPosition x="21" y="10"/>
              </connectionPointOut>
              <variable>LED4</variable>
            </contact>
            <contact localId="16" negated="false" width="21" height="20" executionOrderId="0">
              <position x="360" y="190"/>
              <connectionPointIn>
                <relPosition x="0" y="10"/>
                <connection refLocalId="15">
                  <position x="360" y="200"/>
                  <position x="331" y="200"/>
                </connection>
                <connection refLocalId="15">
                  <position x="360" y="200"/>
                  <position x="331" y="200"/>
                </connection>
              </connectionPointIn>
              <connectionPointOut>
                <relPosition x="21" y="10"/>
              </connectionPointOut>
              <variable>VA1</variable>
            </contact>
            <comment localId="18" height="40" width="310">
              <position x="690" y="140"/>
              <content>
                <xhtml:p><![CDATA[Gestion de la variable auxiliaire]]></xhtml:p>
              </content>
            </comment>
            <coil localId="20" negated="false" storage="set" width="21" height="20" executionOrderId="0">
              <position x="610" y="270"/>
              <connectionPointIn>
                <relPosition x="0" y="10"/>
                <connection refLocalId="44" formalParameter="Q">
                  <position x="610" y="280"/>
                  <position x="520" y="280"/>
                </connection>
              </connectionPointIn>
              <connectionPointOut>
                <relPosition x="21" y="10"/>
              </connectionPointOut>
              <variable>LED1</variable>
            </coil>
            <contact localId="21" negated="true" width="21" height="20" executionOrderId="0">
              <position x="210" y="270"/>
              <connectionPointIn>
                <relPosition x="0" y="10"/>
                <connection refLocalId="5">
                  <position x="210" y="280"/>
                  <position x="181" y="280"/>
                </connection>
              </connectionPointIn>
              <connectionPointOut>
                <relPosition x="21" y="10"/>
              </connectionPointOut>
              <variable>LED2</variable>
            </contact>
            <contact localId="22" negated="true" width="21" height="20" executionOrderId="0">
              <position x="260" y="270"/>
              <connectionPointIn>
                <relPosition x="0" y="10"/>
                <connection refLocalId="21">
                  <position x="260" y="280"/>
                  <position x="231" y="280"/>
                </connection>
              </connectionPointIn>
              <connectionPointOut>
                <relPosition x="21" y="10"/>
              </connectionPointOut>
              <variable>LED3</variable>
            </contact>
            <contact localId="23" negated="true" width="21" height="20" executionOrderId="0">
              <position x="310" y="270"/>
              <connectionPointIn>
                <relPosition x="0" y="10"/>
                <connection refLocalId="22">
                  <position x="310" y="280"/>
                  <position x="281" y="280"/>
                </connection>
              </connectionPointIn>
              <connectionPointOut>
                <relPosition x="21" y="10"/>
              </connectionPointOut>
              <variable>LED4</variable>
            </contact>
            <contact localId="24" negated="false" width="21" height="20" executionOrderId="0">
              <position x="360" y="270"/>
              <connectionPointIn>
                <relPosition x="0" y="10"/>
                <connection refLocalId="23">
                  <position x="360" y="280"/>
                  <position x="331" y="280"/>
                </connection>
              </connectionPointIn>
              <connectionPointOut>
                <relPosition x="21" y="10"/>
              </connectionPointOut>
              <variable>VA1</variable>
            </contact>
            <contact localId="26" negated="true" width="21" height="20">
              <position x="160" y="150"/>
              <connectionPointIn>
                <relPosition x="0" y="10"/>
                <connection refLocalId="51">
                  <position x="160" y="160"/>
                  <position x="130" y="160"/>
                </connection>
              </connectionPointIn>
              <connectionPointOut>
                <relPosition x="21" y="10"/>
              </connectionPointOut>
              <variable>LED1</variable>
            </contact>
            <contact localId="4" negated="true" width="21" height="20" executionOrderId="0">
              <position x="160" y="190"/>
              <connectionPointIn>
                <relPosition x="0" y="10"/>
                <connection refLocalId="51">
                  <position x="160" y="200"/>
                  <position x="130" y="200"/>
                </connection>
              </connectionPointIn>
              <connectionPointOut>
                <relPosition x="21" y="10"/>
              </connectionPointOut>
              <variable>LED1</variable>
            </contact>
            <contact localId="5" negated="true" width="21" height="20" executionOrderId="0">
              <position x="160" y="270"/>
              <connectionPointIn>
                <relPosition x="0" y="10"/>
                <connection refLocalId="51">
                  <position x="160" y="280"/>
                  <position x="130" y="280"/>
                </connection>
              </connectionPointIn>
              <connectionPointOut>
                <relPosition x="21" y="10"/>
              </connectionPointOut>
              <variable>LED1</variable>
            </contact>
            <contact localId="7" negated="false" width="21" height="20" executionOrderId="0">
              <position x="360" y="350"/>
              <connectionPointIn>
                <relPosition x="0" y="10"/>
                <connection refLocalId="17">
                  <position x="360" y="360"/>
                  <position x="331" y="360"/>
                </connection>
                <connection refLocalId="17">
                  <position x="360" y="360"/>
                  <position x="331" y="360"/>
                </connection>
              </connectionPointIn>
              <connectionPointOut>
                <relPosition x="21" y="10"/>
              </connectionPointOut>
              <variable>VA1</variable>
            </contact>
            <contact localId="17" negated="true" width="21" height="20" executionOrderId="0">
              <position x="310" y="350"/>
              <connectionPointIn>
                <relPosition x="0" y="10"/>
                <connection refLocalId="19">
                  <position x="310" y="360"/>
                  <position x="281" y="360"/>
                </connection>
              </connectionPointIn>
              <connectionPointOut>
                <relPosition x="21" y="10"/>
              </connectionPointOut>
              <variable>LED4</variable>
            </contact>
            <contact localId="19" negated="true" width="21" height="20" executionOrderId="0">
              <position x="260" y="350"/>
              <connectionPointIn>
                <relPosition x="0" y="10"/>
                <connection refLocalId="25">
                  <position x="260" y="360"/>
                  <position x="231" y="360"/>
                </connection>
              </connectionPointIn>
              <connectionPointOut>
                <relPosition x="21" y="10"/>
              </connectionPointOut>
              <variable>LED3</variable>
            </contact>
            <contact localId="25" negated="true" width="21" height="20" executionOrderId="0">
              <position x="210" y="350"/>
              <connectionPointIn>
                <relPosition x="0" y="10"/>
                <connection refLocalId="27">
                  <position x="210" y="360"/>
                  <position x="181" y="360"/>
                </connection>
              </connectionPointIn>
              <connectionPointOut>
                <relPosition x="21" y="10"/>
              </connectionPointOut>
              <variable>LED2</variable>
            </contact>
            <contact localId="27" negated="false" width="21" height="20" executionOrderId="0">
              <position x="160" y="350"/>
              <connectionPointIn>
                <relPosition x="0" y="10"/>
                <connection refLocalId="51">
                  <position x="160" y="360"/>
                  <position x="130" y="360"/>
                </connection>
              </connectionPointIn>
              <connectionPointOut>
                <relPosition x="21" y="10"/>
              </connectionPointOut>
              <variable>LED1</variable>
            </contact>
            <coil localId="28" negated="false" storage="reset" width="21" height="20">
              <position x="610" y="350"/>
              <connectionPointIn>
                <relPosition x="0" y="10"/>
                <connection refLocalId="47" formalParameter="Q">
                  <position x="610" y="360"/>
                  <position x="520" y="360"/>
                </connection>
              </connectionPointIn>
              <connectionPointOut>
                <relPosition x="21" y="10"/>
              </connectionPointOut>
              <variable>LED1</variable>
            </coil>
            <coil localId="29" negated="false" storage="set" width="21" height="20" executionOrderId="0">
              <position x="610" y="390"/>
              <connectionPointIn>
                <relPosition x="0" y="10"/>
                <connection refLocalId="47" formalParameter="Q">
                  <position x="610" y="400"/>
                  <position x="565" y="400"/>
                  <position x="565" y="360"/>
                  <position x="520" y="360"/>
                </connection>
              </connectionPointIn>
              <connectionPointOut>
                <relPosition x="21" y="10"/>
              </connectionPointOut>
              <variable>LED2</variable>
            </coil>
            <contact localId="30" negated="false" width="21" height="20" executionOrderId="0">
              <position x="360" y="430"/>
              <connectionPointIn>
                <relPosition x="0" y="10"/>
                <connection refLocalId="31">
                  <position x="360" y="440"/>
                  <position x="331" y="440"/>
                </connection>
              </connectionPointIn>
              <connectionPointOut>
                <relPosition x="21" y="10"/>
              </connectionPointOut>
              <variable>VA1</variable>
            </contact>
            <contact localId="31" negated="true" width="21" height="20" executionOrderId="0">
              <position x="310" y="430"/>
              <connectionPointIn>
                <relPosition x="0" y="10"/>
                <connection refLocalId="32">
                  <position x="310" y="440"/>
                  <position x="281" y="440"/>
                </connection>
              </connectionPointIn>
              <connectionPointOut>
                <relPosition x="21" y="10"/>
              </connectionPointOut>
              <variable>LED4</variable>
            </contact>
            <contact localId="32" negated="true" width="21" height="20" executionOrderId="0">
              <position x="260" y="430"/>
              <connectionPointIn>
                <relPosition x="0" y="10"/>
                <connection refLocalId="33">
                  <position x="260" y="440"/>
                  <position x="231" y="440"/>
                </connection>
              </connectionPointIn>
              <connectionPointOut>
                <relPosition x="21" y="10"/>
              </connectionPointOut>
              <variable>LED3</variable>
            </contact>
            <contact localId="33" negated="false" width="21" height="20" executionOrderId="0">
              <position x="210" y="430"/>
              <connectionPointIn>
                <relPosition x="0" y="10"/>
                <connection refLocalId="34">
                  <position x="210" y="440"/>
                  <position x="181" y="440"/>
                </connection>
              </connectionPointIn>
              <connectionPointOut>
                <relPosition x="21" y="10"/>
              </connectionPointOut>
              <variable>LED2</variable>
            </contact>
            <contact localId="34" negated="true" width="21" height="20" executionOrderId="0">
              <position x="160" y="430"/>
              <connectionPointIn>
                <relPosition x="0" y="10"/>
                <connection refLocalId="51">
                  <position x="160" y="440"/>
                  <position x="130" y="440"/>
                </connection>
              </connectionPointIn>
              <connectionPointOut>
                <relPosition x="21" y="10"/>
              </connectionPointOut>
              <variable>LED1</variable>
            </contact>
            <coil localId="35" negated="false" storage="reset" width="21" height="20" executionOrderId="0">
              <position x="610" y="430"/>
              <connectionPointIn>
                <relPosition x="0" y="10"/>
                <connection refLocalId="49" formalParameter="Q">
                  <position x="610" y="440"/>
                  <position x="520" y="440"/>
                </connection>
              </connectionPointIn>
              <connectionPointOut>
                <relPosition x="21" y="10"/>
              </connectionPointOut>
              <variable>LED2</variable>
            </coil>
            <coil localId="36" negated="false" storage="set" width="21" height="20" executionOrderId="0">
              <position x="610" y="470"/>
              <connectionPointIn>
                <relPosition x="0" y="10"/>
                <connection refLocalId="49" formalParameter="Q">
                  <position x="610" y="480"/>
                  <position x="585" y="480"/>
                  <position x="585" y="440"/>
                  <position x="520" y="440"/>
                </connection>
              </connectionPointIn>
              <connectionPointOut>
                <relPosition x="21" y="10"/>
              </connectionPointOut>
              <variable>LED3</variable>
            </coil>
            <coil localId="37" negated="false" storage="reset" width="21" height="20" executionOrderId="0">
              <position x="610" y="510"/>
              <connectionPointIn>
                <relPosition x="0" y="10"/>
                <connection refLocalId="6" formalParameter="Q">
                  <position x="610" y="520"/>
                  <position x="520" y="520"/>
                </connection>
              </connectionPointIn>
              <connectionPointOut>
                <relPosition x="21" y="10"/>
              </connectionPointOut>
              <variable>LED3</variable>
            </coil>
            <contact localId="38" negated="false" width="21" height="20" executionOrderId="0">
              <position x="360" y="510"/>
              <connectionPointIn>
                <relPosition x="0" y="10"/>
                <connection refLocalId="39">
                  <position x="360" y="520"/>
                  <position x="331" y="520"/>
                </connection>
                <connection refLocalId="39">
                  <position x="360" y="520"/>
                  <position x="331" y="520"/>
                </connection>
                <connection refLocalId="39">
                  <position x="360" y="520"/>
                  <position x="331" y="520"/>
                </connection>
              </connectionPointIn>
              <connectionPointOut>
                <relPosition x="21" y="10"/>
              </connectionPointOut>
              <variable>VA1</variable>
            </contact>
            <contact localId="39" negated="true" width="21" height="20" executionOrderId="0">
              <position x="310" y="510"/>
              <connectionPointIn>
                <relPosition x="0" y="10"/>
                <connection refLocalId="40">
                  <position x="310" y="520"/>
                  <position x="281" y="520"/>
                </connection>
              </connectionPointIn>
              <connectionPointOut>
                <relPosition x="21" y="10"/>
              </connectionPointOut>
              <variable>LED4</variable>
            </contact>
            <contact localId="40" negated="false" width="21" height="20" executionOrderId="0">
              <position x="260" y="510"/>
              <connectionPointIn>
                <relPosition x="0" y="10"/>
                <connection refLocalId="41">
                  <position x="260" y="520"/>
                  <position x="231" y="520"/>
                </connection>
              </connectionPointIn>
              <connectionPointOut>
                <relPosition x="21" y="10"/>
              </connectionPointOut>
              <variable>LED3</variable>
            </contact>
            <contact localId="41" negated="true" width="21" height="20" executionOrderId="0">
              <position x="210" y="510"/>
              <connectionPointIn>
                <relPosition x="0" y="10"/>
                <connection refLocalId="42">
                  <position x="210" y="520"/>
                  <position x="181" y="520"/>
                </connection>
              </connectionPointIn>
              <connectionPointOut>
                <relPosition x="21" y="10"/>
              </connectionPointOut>
              <variable>LED2</variable>
            </contact>
            <contact localId="42" negated="true" width="21" height="20" executionOrderId="0">
              <position x="160" y="510"/>
              <connectionPointIn>
                <relPosition x="0" y="10"/>
                <connection refLocalId="51">
                  <position x="160" y="520"/>
                  <position x="130" y="520"/>
                </connection>
              </connectionPointIn>
              <connectionPointOut>
                <relPosition x="21" y="10"/>
              </connectionPointOut>
              <variable>LED1</variable>
            </contact>
            <coil localId="43" negated="false" storage="set" width="21" height="20" executionOrderId="0">
              <position x="610" y="550"/>
              <connectionPointIn>
                <relPosition x="0" y="10"/>
                <connection refLocalId="6" formalParameter="Q">
                  <position x="610" y="560"/>
                  <position x="565" y="560"/>
                  <position x="565" y="520"/>
                  <position x="520" y="520"/>
                </connection>
              </connectionPointIn>
              <connectionPointOut>
                <relPosition x="21" y="10"/>
              </connectionPointOut>
              <variable>LED4</variable>
            </coil>
            <block localId="44" typeName="TON" instanceName="TON0" width="50" height="60">
              <position x="470" y="250"/>
              <inputVariables>
                <variable formalParameter="IN">
                  <connectionPointIn>
                    <relPosition x="0" y="30"/>
                    <connection refLocalId="24">
                      <position x="470" y="280"/>
                      <position x="381" y="280"/>
                    </connection>
                  </connectionPointIn>
                </variable>
                <variable formalParameter="PT">
                  <connectionPointIn>
                    <relPosition x="0" y="50"/>
                    <connection refLocalId="46">
                      <position x="470" y="300"/>
                      <position x="450" y="300"/>
                      <position x="450" y="300"/>
                      <position x="450" y="300"/>
                    </connection>
                  </connectionPointIn>
                </variable>
              </inputVariables>
              <inOutVariables/>
              <outputVariables>
                <variable formalParameter="Q">
                  <connectionPointOut>
                    <relPosition x="50" y="30"/>
                  </connectionPointOut>
                </variable>
                <variable formalParameter="ET">
                  <connectionPointOut>
                    <relPosition x="50" y="50"/>
                  </connectionPointOut>
                </variable>
              </outputVariables>
            </block>
            <comment localId="45" height="40" width="110">
              <position x="690" y="260"/>
              <content>
                <xhtml:p><![CDATA[Chenillard
]]></xhtml:p>
              </content>
            </comment>
            <inVariable localId="46" width="50" height="30" negated="false">
              <position x="400" y="290"/>
              <connectionPointOut>
                <relPosition x="50" y="10"/>
              </connectionPointOut>
              <expression>Timer</expression>
            </inVariable>
            <block localId="47" typeName="TON" instanceName="TON1" width="50" height="60" executionOrderId="0">
              <position x="470" y="330"/>
              <inputVariables>
                <variable formalParameter="IN">
                  <connectionPointIn>
                    <relPosition x="0" y="30"/>
                    <connection refLocalId="7">
                      <position x="470" y="360"/>
                      <position x="381" y="360"/>
                    </connection>
                  </connectionPointIn>
                </variable>
                <variable formalParameter="PT">
                  <connectionPointIn>
                    <relPosition x="0" y="50"/>
                    <connection refLocalId="1">
                      <position x="470" y="380"/>
                      <position x="455" y="380"/>
                      <position x="455" y="380"/>
                      <position x="450" y="380"/>
                    </connection>
                  </connectionPointIn>
                </variable>
              </inputVariables>
              <inOutVariables/>
              <outputVariables>
                <variable formalParameter="Q">
                  <connectionPointOut>
                    <relPosition x="50" y="30"/>
                  </connectionPointOut>
                </variable>
                <variable formalParameter="ET">
                  <connectionPointOut>
                    <relPosition x="50" y="50"/>
                  </connectionPointOut>
                </variable>
              </outputVariables>
            </block>
            <block localId="49" typeName="TON" instanceName="TON2" width="50" height="60" executionOrderId="0">
              <position x="470" y="410"/>
              <inputVariables>
                <variable formalParameter="IN">
                  <connectionPointIn>
                    <relPosition x="0" y="30"/>
                    <connection refLocalId="30">
                      <position x="470" y="440"/>
                      <position x="381" y="440"/>
                    </connection>
                  </connectionPointIn>
                </variable>
                <variable formalParameter="PT">
                  <connectionPointIn>
                    <relPosition x="0" y="50"/>
                    <connection refLocalId="50">
                      <position x="470" y="460"/>
                      <position x="460" y="460"/>
                      <position x="460" y="470"/>
                      <position x="450" y="470"/>
                    </connection>
                  </connectionPointIn>
                </variable>
              </inputVariables>
              <inOutVariables/>
              <outputVariables>
                <variable formalParameter="Q">
                  <connectionPointOut>
                    <relPosition x="50" y="30"/>
                  </connectionPointOut>
                </variable>
                <variable formalParameter="ET">
                  <connectionPointOut>
                    <relPosition x="50" y="50"/>
                  </connectionPointOut>
                </variable>
              </outputVariables>
            </block>
            <inVariable localId="50" width="50" height="30" negated="false" executionOrderId="0">
              <position x="400" y="450"/>
              <connectionPointOut>
                <relPosition x="50" y="20"/>
              </connectionPointOut>
              <expression>Timer</expression>
            </inVariable>
            <leftPowerRail localId="51" width="10" height="1600">
              <position x="120" y="140"/>
              <connectionPointOut formalParameter="">
                <relPosition x="10" y="20"/>
              </connectionPointOut>
              <connectionPointOut formalParameter="">
                <relPosition x="10" y="60"/>
              </connectionPointOut>
              <connectionPointOut formalParameter="">
                <relPosition x="10" y="100"/>
              </connectionPointOut>
              <connectionPointOut formalParameter="">
                <relPosition x="10" y="140"/>
              </connectionPointOut>
              <connectionPointOut formalParameter="">
                <relPosition x="10" y="180"/>
              </connectionPointOut>
              <connectionPointOut formalParameter="">
                <relPosition x="10" y="220"/>
              </connectionPointOut>
              <connectionPointOut formalParameter="">
                <relPosition x="10" y="260"/>
              </connectionPointOut>
              <connectionPointOut formalParameter="">
                <relPosition x="10" y="300"/>
              </connectionPointOut>
              <connectionPointOut formalParameter="">
                <relPosition x="10" y="340"/>
              </connectionPointOut>
              <connectionPointOut formalParameter="">
                <relPosition x="10" y="380"/>
              </connectionPointOut>
              <connectionPointOut formalParameter="">
                <relPosition x="10" y="420"/>
              </connectionPointOut>
              <connectionPointOut formalParameter="">
                <relPosition x="10" y="460"/>
              </connectionPointOut>
              <connectionPointOut formalParameter="">
                <relPosition x="10" y="500"/>
              </connectionPointOut>
              <connectionPointOut formalParameter="">
                <relPosition x="10" y="540"/>
              </connectionPointOut>
              <connectionPointOut formalParameter="">
                <relPosition x="10" y="580"/>
              </connectionPointOut>
              <connectionPointOut formalParameter="">
                <relPosition x="10" y="620"/>
              </connectionPointOut>
              <connectionPointOut formalParameter="">
                <relPosition x="10" y="660"/>
              </connectionPointOut>
              <connectionPointOut formalParameter="">
                <relPosition x="10" y="700"/>
              </connectionPointOut>
              <connectionPointOut formalParameter="">
                <relPosition x="10" y="740"/>
              </connectionPointOut>
              <connectionPointOut formalParameter="">
                <relPosition x="10" y="780"/>
              </connectionPointOut>
              <connectionPointOut formalParameter="">
                <relPosition x="10" y="820"/>
              </connectionPointOut>
              <connectionPointOut formalParameter="">
                <relPosition x="10" y="860"/>
              </connectionPointOut>
              <connectionPointOut formalParameter="">
                <relPosition x="10" y="900"/>
              </connectionPointOut>
              <connectionPointOut formalParameter="">
                <relPosition x="10" y="940"/>
              </connectionPointOut>
              <connectionPointOut formalParameter="">
                <relPosition x="10" y="980"/>
              </connectionPointOut>
              <connectionPointOut formalParameter="">
                <relPosition x="10" y="1020"/>
              </connectionPointOut>
              <connectionPointOut formalParameter="">
                <relPosition x="10" y="1060"/>
              </connectionPointOut>
              <connectionPointOut formalParameter="">
                <relPosition x="10" y="1100"/>
              </connectionPointOut>
              <connectionPointOut formalParameter="">
                <relPosition x="10" y="1140"/>
              </connectionPointOut>
              <connectionPointOut formalParameter="">
                <relPosition x="10" y="1180"/>
              </connectionPointOut>
              <connectionPointOut formalParameter="">
                <relPosition x="10" y="1220"/>
              </connectionPointOut>
              <connectionPointOut formalParameter="">
                <relPosition x="10" y="1260"/>
              </connectionPointOut>
              <connectionPointOut formalParameter="">
                <relPosition x="10" y="1300"/>
              </connectionPointOut>
              <connectionPointOut formalParameter="">
                <relPosition x="10" y="1340"/>
              </connectionPointOut>
              <connectionPointOut formalParameter="">
                <relPosition x="10" y="1380"/>
              </connectionPointOut>
              <connectionPointOut formalParameter="">
                <relPosition x="10" y="1420"/>
              </connectionPointOut>
              <connectionPointOut formalParameter="">
                <relPosition x="10" y="1460"/>
              </connectionPointOut>
              <connectionPointOut formalParameter="">
                <relPosition x="10" y="1500"/>
              </connectionPointOut>
              <connectionPointOut formalParameter="">
                <relPosition x="10" y="1540"/>
              </connectionPointOut>
              <connectionPointOut formalParameter="">
                <relPosition x="10" y="1580"/>
              </connectionPointOut>
            </leftPowerRail>
            <rightPowerRail localId="52" width="10" height="1600">
              <position x="670" y="140"/>
              <connectionPointIn>
                <relPosition x="0" y="20"/>
                <connection refLocalId="12">
                  <position x="670" y="160"/>
                  <position x="631" y="160"/>
                </connection>
              </connectionPointIn>
              <connectionPointIn>
                <relPosition x="0" y="60"/>
                <connection refLocalId="13">
                  <position x="670" y="200"/>
                  <position x="631" y="200"/>
                </connection>
              </connectionPointIn>
              <connectionPointIn>
                <relPosition x="0" y="100"/>
              </connectionPointIn>
              <connectionPointIn>
                <relPosition x="0" y="140"/>
                <connection refLocalId="20">
                  <position x="670" y="280"/>
                  <position x="631" y="280"/>
                </connection>
              </connectionPointIn>
              <connectionPointIn>
                <relPosition x="0" y="180"/>
              </connectionPointIn>
              <connectionPointIn>
                <relPosition x="0" y="220"/>
                <connection refLocalId="28">
                  <position x="670" y="360"/>
                  <position x="631" y="360"/>
                </connection>
              </connectionPointIn>
              <connectionPointIn>
                <relPosition x="0" y="260"/>
                <connection refLocalId="29">
                  <position x="670" y="400"/>
                  <position x="631" y="400"/>
                </connection>
              </connectionPointIn>
              <connectionPointIn>
                <relPosition x="0" y="300"/>
                <connection refLocalId="35">
                  <position x="670" y="440"/>
                  <position x="631" y="440"/>
                </connection>
              </connectionPointIn>
              <connectionPointIn>
                <relPosition x="0" y="340"/>
                <connection refLocalId="36">
                  <position x="670" y="480"/>
                  <position x="631" y="480"/>
                </connection>
              </connectionPointIn>
              <connectionPointIn>
                <relPosition x="0" y="380"/>
                <connection refLocalId="37">
                  <position x="670" y="520"/>
                  <position x="631" y="520"/>
                </connection>
              </connectionPointIn>
              <connectionPointIn>
                <relPosition x="0" y="420"/>
                <connection refLocalId="43">
                  <position x="670" y="560"/>
                  <position x="631" y="560"/>
                </connection>
              </connectionPointIn>
              <connectionPointIn>
                <relPosition x="0" y="460"/>
                <connection refLocalId="58">
                  <position x="670" y="600"/>
                  <position x="631" y="600"/>
                </connection>
              </connectionPointIn>
              <connectionPointIn>
                <relPosition x="0" y="500"/>
              </connectionPointIn>
              <connectionPointIn>
                <relPosition x="0" y="540"/>
                <connection refLocalId="70">
                  <position x="670" y="680"/>
                  <position x="631" y="680"/>
                </connection>
              </connectionPointIn>
              <connectionPointIn>
                <relPosition x="0" y="580"/>
              </connectionPointIn>
              <connectionPointIn>
                <relPosition x="0" y="620"/>
                <connection refLocalId="71">
                  <position x="670" y="760"/>
                  <position x="631" y="760"/>
                </connection>
              </connectionPointIn>
              <connectionPointIn>
                <relPosition x="0" y="660"/>
                <connection refLocalId="79">
                  <position x="670" y="800"/>
                  <position x="631" y="800"/>
                </connection>
              </connectionPointIn>
              <connectionPointIn>
                <relPosition x="0" y="700"/>
                <connection refLocalId="85">
                  <position x="670" y="840"/>
                  <position x="631" y="840"/>
                </connection>
              </connectionPointIn>
              <connectionPointIn>
                <relPosition x="0" y="740"/>
                <connection refLocalId="88">
                  <position x="670" y="880"/>
                  <position x="631" y="880"/>
                </connection>
              </connectionPointIn>
              <connectionPointIn>
                <relPosition x="0" y="780"/>
                <connection refLocalId="94">
                  <position x="670" y="920"/>
                  <position x="631" y="920"/>
                </connection>
              </connectionPointIn>
              <connectionPointIn>
                <relPosition x="0" y="820"/>
                <connection refLocalId="97">
                  <position x="670" y="960"/>
                  <position x="631" y="960"/>
                </connection>
              </connectionPointIn>
              <connectionPointIn>
                <relPosition x="0" y="860"/>
                <connection refLocalId="98">
                  <position x="670" y="1000"/>
                  <position x="631" y="1000"/>
                </connection>
              </connectionPointIn>
              <connectionPointIn>
                <relPosition x="0" y="900"/>
              </connectionPointIn>
              <connectionPointIn>
                <relPosition x="0" y="940"/>
                <connection refLocalId="112">
                  <position x="670" y="1080"/>
                  <position x="630" y="1080"/>
                </connection>
              </connectionPointIn>
              <connectionPointIn>
                <relPosition x="0" y="980"/>
              </connectionPointIn>
              <connectionPointIn>
                <relPosition x="0" y="1020"/>
              </connectionPointIn>
              <connectionPointIn>
                <relPosition x="0" y="1060"/>
              </connectionPointIn>
              <connectionPointIn>
                <relPosition x="0" y="1100"/>
              </connectionPointIn>
              <connectionPointIn>
                <relPosition x="0" y="1140"/>
              </connectionPointIn>
              <connectionPointIn>
                <relPosition x="0" y="1180"/>
              </connectionPointIn>
              <connectionPointIn>
                <relPosition x="0" y="1220"/>
              </connectionPointIn>
              <connectionPointIn>
                <relPosition x="0" y="1260"/>
              </connectionPointIn>
              <connectionPointIn>
                <relPosition x="0" y="1300"/>
              </connectionPointIn>
              <connectionPointIn>
                <relPosition x="0" y="1340"/>
              </connectionPointIn>
              <connectionPointIn>
                <relPosition x="0" y="1380"/>
              </connectionPointIn>
              <connectionPointIn>
                <relPosition x="0" y="1420"/>
              </connectionPointIn>
              <connectionPointIn>
                <relPosition x="0" y="1460"/>
              </connectionPointIn>
              <connectionPointIn>
                <relPosition x="0" y="1500"/>
              </connectionPointIn>
              <connectionPointIn>
                <relPosition x="0" y="1540"/>
              </connectionPointIn>
              <connectionPointIn>
                <relPosition x="0" y="1580"/>
              </connectionPointIn>
            </rightPowerRail>
            <inVariable localId="1" width="50" height="30" negated="false" executionOrderId="0">
              <position x="400" y="370"/>
              <connectionPointOut>
                <relPosition x="50" y="10"/>
              </connectionPointOut>
              <expression>Timer</expression>
            </inVariable>
            <block localId="6" typeName="TON" instanceName="TON3" width="50" height="60" executionOrderId="0">
              <position x="470" y="490"/>
              <inputVariables>
                <variable formalParameter="IN">
                  <connectionPointIn>
                    <relPosition x="0" y="30"/>
                    <connection refLocalId="38">
                      <position x="470" y="520"/>
                      <position x="381" y="520"/>
                    </connection>
                  </connectionPointIn>
                </variable>
                <variable formalParameter="PT">
                  <connectionPointIn>
                    <relPosition x="0" y="50"/>
                    <connection refLocalId="48">
                      <position x="470" y="540"/>
                      <position x="450" y="540"/>
                    </connection>
                  </connectionPointIn>
                </variable>
              </inputVariables>
              <inOutVariables/>
              <outputVariables>
                <variable formalParameter="Q">
                  <connectionPointOut>
                    <relPosition x="50" y="30"/>
                  </connectionPointOut>
                </variable>
                <variable formalParameter="ET">
                  <connectionPointOut>
                    <relPosition x="50" y="50"/>
                  </connectionPointOut>
                </variable>
              </outputVariables>
            </block>
            <inVariable localId="48" width="50" height="30" negated="false" executionOrderId="0">
              <position x="400" y="530"/>
              <connectionPointOut>
                <relPosition x="50" y="10"/>
              </connectionPointOut>
              <expression>Timer</expression>
            </inVariable>
            <contact localId="53" negated="false" width="21" height="20" executionOrderId="0">
              <position x="360" y="590"/>
              <connectionPointIn>
                <relPosition x="0" y="10"/>
                <connection refLocalId="54">
                  <position x="360" y="600"/>
                  <position x="331" y="600"/>
                </connection>
                <connection refLocalId="54">
                  <position x="360" y="600"/>
                  <position x="331" y="600"/>
                </connection>
              </connectionPointIn>
              <connectionPointOut>
                <relPosition x="21" y="10"/>
              </connectionPointOut>
              <variable>VA1</variable>
            </contact>
            <contact localId="54" negated="false" width="21" height="20" executionOrderId="0">
              <position x="310" y="590"/>
              <connectionPointIn>
                <relPosition x="0" y="10"/>
                <connection refLocalId="55">
                  <position x="310" y="600"/>
                  <position x="281" y="600"/>
                </connection>
              </connectionPointIn>
              <connectionPointOut>
                <relPosition x="21" y="10"/>
              </connectionPointOut>
              <variable>LED4</variable>
            </contact>
            <contact localId="55" negated="true" width="21" height="20" executionOrderId="0">
              <position x="260" y="590"/>
              <connectionPointIn>
                <relPosition x="0" y="10"/>
                <connection refLocalId="56">
                  <position x="260" y="600"/>
                  <position x="231" y="600"/>
                </connection>
              </connectionPointIn>
              <connectionPointOut>
                <relPosition x="21" y="10"/>
              </connectionPointOut>
              <variable>LED3</variable>
            </contact>
            <contact localId="56" negated="true" width="21" height="20" executionOrderId="0">
              <position x="210" y="590"/>
              <connectionPointIn>
                <relPosition x="0" y="10"/>
                <connection refLocalId="57">
                  <position x="210" y="600"/>
                  <position x="181" y="600"/>
                </connection>
              </connectionPointIn>
              <connectionPointOut>
                <relPosition x="21" y="10"/>
              </connectionPointOut>
              <variable>LED2</variable>
            </contact>
            <contact localId="57" negated="true" width="21" height="20" executionOrderId="0">
              <position x="160" y="590"/>
              <connectionPointIn>
                <relPosition x="0" y="10"/>
                <connection refLocalId="51">
                  <position x="160" y="600"/>
                  <position x="130" y="600"/>
                </connection>
              </connectionPointIn>
              <connectionPointOut>
                <relPosition x="21" y="10"/>
              </connectionPointOut>
              <variable>LED1</variable>
            </contact>
            <coil localId="58" negated="false" storage="reset" width="21" height="20" executionOrderId="0">
              <position x="610" y="590"/>
              <connectionPointIn>
                <relPosition x="0" y="10"/>
                <connection refLocalId="59" formalParameter="Q">
                  <position x="610" y="600"/>
                  <position x="520" y="600"/>
                </connection>
              </connectionPointIn>
              <connectionPointOut>
                <relPosition x="21" y="10"/>
              </connectionPointOut>
              <variable>LED4</variable>
            </coil>
            <block localId="59" typeName="TON" instanceName="TON4" width="50" height="60" executionOrderId="0">
              <position x="470" y="570"/>
              <inputVariables>
                <variable formalParameter="IN">
                  <connectionPointIn>
                    <relPosition x="0" y="30"/>
                    <connection refLocalId="53">
                      <position x="470" y="600"/>
                      <position x="381" y="600"/>
                    </connection>
                  </connectionPointIn>
                </variable>
                <variable formalParameter="PT">
                  <connectionPointIn>
                    <relPosition x="0" y="50"/>
                    <connection refLocalId="60">
                      <position x="470" y="620"/>
                      <position x="450" y="620"/>
                    </connection>
                  </connectionPointIn>
                </variable>
              </inputVariables>
              <inOutVariables/>
              <outputVariables>
                <variable formalParameter="Q">
                  <connectionPointOut>
                    <relPosition x="50" y="30"/>
                  </connectionPointOut>
                </variable>
                <variable formalParameter="ET">
                  <connectionPointOut>
                    <relPosition x="50" y="50"/>
                  </connectionPointOut>
                </variable>
              </outputVariables>
            </block>
            <inVariable localId="60" width="50" height="30" negated="false" executionOrderId="0">
              <position x="400" y="610"/>
              <connectionPointOut>
                <relPosition x="50" y="20"/>
              </connectionPointOut>
              <expression>Timer</expression>
            </inVariable>
            <contact localId="62" negated="true" width="21" height="20" executionOrderId="0">
              <position x="360" y="670"/>
              <connectionPointIn>
                <relPosition x="0" y="10"/>
                <connection refLocalId="63">
                  <position x="360" y="680"/>
                  <position x="331" y="680"/>
                </connection>
              </connectionPointIn>
              <connectionPointOut>
                <relPosition x="21" y="10"/>
              </connectionPointOut>
              <variable>VA1</variable>
            </contact>
            <contact localId="63" negated="true" width="21" height="20" executionOrderId="0">
              <position x="310" y="670"/>
              <connectionPointIn>
                <relPosition x="0" y="10"/>
                <connection refLocalId="64">
                  <position x="310" y="680"/>
                  <position x="281" y="680"/>
                </connection>
              </connectionPointIn>
              <connectionPointOut>
                <relPosition x="21" y="10"/>
              </connectionPointOut>
              <variable>LED4</variable>
            </contact>
            <contact localId="64" negated="true" width="21" height="20" executionOrderId="0">
              <position x="260" y="670"/>
              <connectionPointIn>
                <relPosition x="0" y="10"/>
                <connection refLocalId="65">
                  <position x="260" y="680"/>
                  <position x="231" y="680"/>
                </connection>
              </connectionPointIn>
              <connectionPointOut>
                <relPosition x="21" y="10"/>
              </connectionPointOut>
              <variable>LED3</variable>
            </contact>
            <contact localId="65" negated="true" width="21" height="20" executionOrderId="0">
              <position x="210" y="670"/>
              <connectionPointIn>
                <relPosition x="0" y="10"/>
                <connection refLocalId="66">
                  <position x="210" y="680"/>
                  <position x="181" y="680"/>
                </connection>
              </connectionPointIn>
              <connectionPointOut>
                <relPosition x="21" y="10"/>
              </connectionPointOut>
              <variable>LED2</variable>
            </contact>
            <contact localId="66" negated="true" width="21" height="20" executionOrderId="0">
              <position x="160" y="670"/>
              <connectionPointIn>
                <relPosition x="0" y="10"/>
                <connection refLocalId="51">
                  <position x="160" y="680"/>
                  <position x="130" y="680"/>
                </connection>
              </connectionPointIn>
              <connectionPointOut>
                <relPosition x="21" y="10"/>
              </connectionPointOut>
              <variable>LED1</variable>
            </contact>
            <block localId="68" typeName="TON" instanceName="TON5" width="50" height="60" executionOrderId="0">
              <position x="470" y="650"/>
              <inputVariables>
                <variable formalParameter="IN">
                  <connectionPointIn>
                    <relPosition x="0" y="30"/>
                    <connection refLocalId="62">
                      <position x="470" y="680"/>
                      <position x="381" y="680"/>
                    </connection>
                  </connectionPointIn>
                </variable>
                <variable formalParameter="PT">
                  <connectionPointIn>
                    <relPosition x="0" y="50"/>
                    <connection refLocalId="69">
                      <position x="470" y="700"/>
                      <position x="450" y="700"/>
                    </connection>
                  </connectionPointIn>
                </variable>
              </inputVariables>
              <inOutVariables/>
              <outputVariables>
                <variable formalParameter="Q">
                  <connectionPointOut>
                    <relPosition x="50" y="30"/>
                  </connectionPointOut>
                </variable>
                <variable formalParameter="ET">
                  <connectionPointOut>
                    <relPosition x="50" y="50"/>
                  </connectionPointOut>
                </variable>
              </outputVariables>
            </block>
            <inVariable localId="69" width="50" height="30" negated="false" executionOrderId="0">
              <position x="400" y="690"/>
              <connectionPointOut>
                <relPosition x="50" y="20"/>
              </connectionPointOut>
              <expression>Timer</expression>
            </inVariable>
            <coil localId="70" negated="false" storage="set" width="21" height="20" executionOrderId="0">
              <position x="610" y="670"/>
              <connectionPointIn>
                <relPosition x="0" y="10"/>
                <connection refLocalId="68" formalParameter="Q">
                  <position x="610" y="680"/>
                  <position x="520" y="680"/>
                </connection>
              </connectionPointIn>
              <connectionPointOut>
                <relPosition x="21" y="10"/>
              </connectionPointOut>
              <variable>LED4</variable>
            </coil>
            <coil localId="71" negated="false" storage="reset" width="21" height="20" executionOrderId="0">
              <position x="610" y="750"/>
              <connectionPointIn>
                <relPosition x="0" y="10"/>
                <connection refLocalId="72" formalParameter="Q">
                  <position x="610" y="760"/>
                  <position x="520" y="760"/>
                </connection>
              </connectionPointIn>
              <connectionPointOut>
                <relPosition x="21" y="10"/>
              </connectionPointOut>
              <variable>LED4</variable>
            </coil>
            <block localId="72" typeName="TON" instanceName="TON6" width="50" height="60" executionOrderId="0">
              <position x="470" y="730"/>
              <inputVariables>
                <variable formalParameter="IN">
                  <connectionPointIn>
                    <relPosition x="0" y="30"/>
                    <connection refLocalId="73">
                      <position x="470" y="760"/>
                      <position x="381" y="760"/>
                    </connection>
                  </connectionPointIn>
                </variable>
                <variable formalParameter="PT">
                  <connectionPointIn>
                    <relPosition x="0" y="50"/>
                    <connection refLocalId="78">
                      <position x="470" y="780"/>
                      <position x="460" y="780"/>
                      <position x="460" y="790"/>
                      <position x="450" y="790"/>
                    </connection>
                  </connectionPointIn>
                </variable>
              </inputVariables>
              <inOutVariables/>
              <outputVariables>
                <variable formalParameter="Q">
                  <connectionPointOut>
                    <relPosition x="50" y="30"/>
                  </connectionPointOut>
                </variable>
                <variable formalParameter="ET">
                  <connectionPointOut>
                    <relPosition x="50" y="50"/>
                  </connectionPointOut>
                </variable>
              </outputVariables>
            </block>
            <contact localId="73" negated="true" width="21" height="20" executionOrderId="0">
              <position x="360" y="750"/>
              <connectionPointIn>
                <relPosition x="0" y="10"/>
                <connection refLocalId="74">
                  <position x="360" y="760"/>
                  <position x="331" y="760"/>
                </connection>
                <connection refLocalId="74">
                  <position x="360" y="760"/>
                  <position x="331" y="760"/>
                </connection>
                <connection refLocalId="74">
                  <position x="360" y="760"/>
                  <position x="331" y="760"/>
                </connection>
              </connectionPointIn>
              <connectionPointOut>
                <relPosition x="21" y="10"/>
              </connectionPointOut>
              <variable>VA1</variable>
            </contact>
            <contact localId="74" negated="false" width="21" height="20" executionOrderId="0">
              <position x="310" y="750"/>
              <connectionPointIn>
                <relPosition x="0" y="10"/>
                <connection refLocalId="75">
                  <position x="310" y="760"/>
                  <position x="281" y="760"/>
                </connection>
              </connectionPointIn>
              <connectionPointOut>
                <relPosition x="21" y="10"/>
              </connectionPointOut>
              <variable>LED4</variable>
            </contact>
            <contact localId="75" negated="true" width="21" height="20" executionOrderId="0">
              <position x="260" y="750"/>
              <connectionPointIn>
                <relPosition x="0" y="10"/>
                <connection refLocalId="76">
                  <position x="260" y="760"/>
                  <position x="231" y="760"/>
                </connection>
              </connectionPointIn>
              <connectionPointOut>
                <relPosition x="21" y="10"/>
              </connectionPointOut>
              <variable>LED3</variable>
            </contact>
            <contact localId="76" negated="true" width="21" height="20" executionOrderId="0">
              <position x="210" y="750"/>
              <connectionPointIn>
                <relPosition x="0" y="10"/>
                <connection refLocalId="77">
                  <position x="210" y="760"/>
                  <position x="181" y="760"/>
                </connection>
              </connectionPointIn>
              <connectionPointOut>
                <relPosition x="21" y="10"/>
              </connectionPointOut>
              <variable>LED2</variable>
            </contact>
            <contact localId="77" negated="true" width="21" height="20" executionOrderId="0">
              <position x="160" y="750"/>
              <connectionPointIn>
                <relPosition x="0" y="10"/>
                <connection refLocalId="51">
                  <position x="160" y="760"/>
                  <position x="130" y="760"/>
                </connection>
              </connectionPointIn>
              <connectionPointOut>
                <relPosition x="21" y="10"/>
              </connectionPointOut>
              <variable>LED1</variable>
            </contact>
            <inVariable localId="78" width="50" height="30" negated="false" executionOrderId="0">
              <position x="400" y="770"/>
              <connectionPointOut>
                <relPosition x="50" y="20"/>
              </connectionPointOut>
              <expression>Timer</expression>
            </inVariable>
            <coil localId="79" negated="false" storage="set" width="21" height="20" executionOrderId="0">
              <position x="610" y="790"/>
              <connectionPointIn>
                <relPosition x="0" y="10"/>
                <connection refLocalId="72" formalParameter="Q">
                  <position x="610" y="800"/>
                  <position x="565" y="800"/>
                  <position x="565" y="760"/>
                  <position x="520" y="760"/>
                </connection>
              </connectionPointIn>
              <connectionPointOut>
                <relPosition x="21" y="10"/>
              </connectionPointOut>
              <variable>LED3</variable>
            </coil>
            <contact localId="80" negated="true" width="21" height="20" executionOrderId="0">
              <position x="360" y="830"/>
              <connectionPointIn>
                <relPosition x="0" y="10"/>
                <connection refLocalId="81">
                  <position x="360" y="840"/>
                  <position x="331" y="840"/>
                </connection>
                <connection refLocalId="81">
                  <position x="360" y="840"/>
                  <position x="331" y="840"/>
                </connection>
              </connectionPointIn>
              <connectionPointOut>
                <relPosition x="21" y="10"/>
              </connectionPointOut>
              <variable>VA1</variable>
            </contact>
            <contact localId="81" negated="true" width="21" height="20" executionOrderId="0">
              <position x="310" y="830"/>
              <connectionPointIn>
                <relPosition x="0" y="10"/>
                <connection refLocalId="82">
                  <position x="310" y="840"/>
                  <position x="281" y="840"/>
                </connection>
              </connectionPointIn>
              <connectionPointOut>
                <relPosition x="21" y="10"/>
              </connectionPointOut>
              <variable>LED4</variable>
            </contact>
            <contact localId="82" negated="false" width="21" height="20" executionOrderId="0">
              <position x="260" y="830"/>
              <connectionPointIn>
                <relPosition x="0" y="10"/>
                <connection refLocalId="83">
                  <position x="260" y="840"/>
                  <position x="231" y="840"/>
                </connection>
              </connectionPointIn>
              <connectionPointOut>
                <relPosition x="21" y="10"/>
              </connectionPointOut>
              <variable>LED3</variable>
            </contact>
            <contact localId="83" negated="true" width="21" height="20" executionOrderId="0">
              <position x="210" y="830"/>
              <connectionPointIn>
                <relPosition x="0" y="10"/>
                <connection refLocalId="84">
                  <position x="210" y="840"/>
                  <position x="181" y="840"/>
                </connection>
              </connectionPointIn>
              <connectionPointOut>
                <relPosition x="21" y="10"/>
              </connectionPointOut>
              <variable>LED2</variable>
            </contact>
            <contact localId="84" negated="true" width="21" height="20" executionOrderId="0">
              <position x="160" y="830"/>
              <connectionPointIn>
                <relPosition x="0" y="10"/>
                <connection refLocalId="51">
                  <position x="160" y="840"/>
                  <position x="130" y="840"/>
                </connection>
              </connectionPointIn>
              <connectionPointOut>
                <relPosition x="21" y="10"/>
              </connectionPointOut>
              <variable>LED1</variable>
            </contact>
            <coil localId="85" negated="false" storage="reset" width="21" height="20" executionOrderId="0">
              <position x="610" y="830"/>
              <connectionPointIn>
                <relPosition x="0" y="10"/>
                <connection refLocalId="86" formalParameter="Q">
                  <position x="610" y="840"/>
                  <position x="520" y="840"/>
                </connection>
              </connectionPointIn>
              <connectionPointOut>
                <relPosition x="21" y="10"/>
              </connectionPointOut>
              <variable>LED3</variable>
            </coil>
            <block localId="86" typeName="TON" instanceName="TON7" width="50" height="60" executionOrderId="0">
              <position x="470" y="810"/>
              <inputVariables>
                <variable formalParameter="IN">
                  <connectionPointIn>
                    <relPosition x="0" y="30"/>
                    <connection refLocalId="80">
                      <position x="470" y="840"/>
                      <position x="381" y="840"/>
                    </connection>
                  </connectionPointIn>
                </variable>
                <variable formalParameter="PT">
                  <connectionPointIn>
                    <relPosition x="0" y="50"/>
                    <connection refLocalId="87">
                      <position x="470" y="860"/>
                      <position x="450" y="860"/>
                    </connection>
                  </connectionPointIn>
                </variable>
              </inputVariables>
              <inOutVariables/>
              <outputVariables>
                <variable formalParameter="Q">
                  <connectionPointOut>
                    <relPosition x="50" y="30"/>
                  </connectionPointOut>
                </variable>
                <variable formalParameter="ET">
                  <connectionPointOut>
                    <relPosition x="50" y="50"/>
                  </connectionPointOut>
                </variable>
              </outputVariables>
            </block>
            <inVariable localId="87" width="50" height="30" negated="false" executionOrderId="0">
              <position x="400" y="850"/>
              <connectionPointOut>
                <relPosition x="50" y="10"/>
              </connectionPointOut>
              <expression>Timer</expression>
            </inVariable>
            <coil localId="88" negated="false" storage="set" width="21" height="20" executionOrderId="0">
              <position x="610" y="870"/>
              <connectionPointIn>
                <relPosition x="0" y="10"/>
                <connection refLocalId="86" formalParameter="Q">
                  <position x="610" y="880"/>
                  <position x="565" y="880"/>
                  <position x="565" y="840"/>
                  <position x="520" y="840"/>
                </connection>
              </connectionPointIn>
              <connectionPointOut>
                <relPosition x="21" y="10"/>
              </connectionPointOut>
              <variable>LED2</variable>
            </coil>
            <contact localId="89" negated="true" width="21" height="20" executionOrderId="0">
              <position x="360" y="910"/>
              <connectionPointIn>
                <relPosition x="0" y="10"/>
                <connection refLocalId="90">
                  <position x="360" y="920"/>
                  <position x="331" y="920"/>
                </connection>
              </connectionPointIn>
              <connectionPointOut>
                <relPosition x="21" y="10"/>
              </connectionPointOut>
              <variable>VA1</variable>
            </contact>
            <contact localId="90" negated="true" width="21" height="20" executionOrderId="0">
              <position x="310" y="910"/>
              <connectionPointIn>
                <relPosition x="0" y="10"/>
                <connection refLocalId="91">
                  <position x="310" y="920"/>
                  <position x="281" y="920"/>
                </connection>
              </connectionPointIn>
              <connectionPointOut>
                <relPosition x="21" y="10"/>
              </connectionPointOut>
              <variable>LED4</variable>
            </contact>
            <contact localId="91" negated="true" width="21" height="20" executionOrderId="0">
              <position x="260" y="910"/>
              <connectionPointIn>
                <relPosition x="0" y="10"/>
                <connection refLocalId="92">
                  <position x="260" y="920"/>
                  <position x="231" y="920"/>
                </connection>
              </connectionPointIn>
              <connectionPointOut>
                <relPosition x="21" y="10"/>
              </connectionPointOut>
              <variable>LED3</variable>
            </contact>
            <contact localId="92" negated="false" width="21" height="20" executionOrderId="0">
              <position x="210" y="910"/>
              <connectionPointIn>
                <relPosition x="0" y="10"/>
                <connection refLocalId="93">
                  <position x="210" y="920"/>
                  <position x="181" y="920"/>
                </connection>
              </connectionPointIn>
              <connectionPointOut>
                <relPosition x="21" y="10"/>
              </connectionPointOut>
              <variable>LED2</variable>
            </contact>
            <contact localId="93" negated="true" width="21" height="20" executionOrderId="0">
              <position x="160" y="910"/>
              <connectionPointIn>
                <relPosition x="0" y="10"/>
                <connection refLocalId="51">
                  <position x="160" y="920"/>
                  <position x="130" y="920"/>
                </connection>
              </connectionPointIn>
              <connectionPointOut>
                <relPosition x="21" y="10"/>
              </connectionPointOut>
              <variable>LED1</variable>
            </contact>
            <coil localId="94" negated="false" storage="reset" width="21" height="20" executionOrderId="0">
              <position x="610" y="910"/>
              <connectionPointIn>
                <relPosition x="0" y="10"/>
                <connection refLocalId="95" formalParameter="Q">
                  <position x="610" y="920"/>
                  <position x="520" y="920"/>
                </connection>
              </connectionPointIn>
              <connectionPointOut>
                <relPosition x="21" y="10"/>
              </connectionPointOut>
              <variable>LED2</variable>
            </coil>
            <block localId="95" typeName="TON" instanceName="TON8" width="50" height="60" executionOrderId="0">
              <position x="470" y="890"/>
              <inputVariables>
                <variable formalParameter="IN">
                  <connectionPointIn>
                    <relPosition x="0" y="30"/>
                    <connection refLocalId="89">
                      <position x="470" y="920"/>
                      <position x="381" y="920"/>
                    </connection>
                  </connectionPointIn>
                </variable>
                <variable formalParameter="PT">
                  <connectionPointIn>
                    <relPosition x="0" y="50"/>
                    <connection refLocalId="96">
                      <position x="470" y="940"/>
                      <position x="450" y="940"/>
                    </connection>
                  </connectionPointIn>
                </variable>
              </inputVariables>
              <inOutVariables/>
              <outputVariables>
                <variable formalParameter="Q">
                  <connectionPointOut>
                    <relPosition x="50" y="30"/>
                  </connectionPointOut>
                </variable>
                <variable formalParameter="ET">
                  <connectionPointOut>
                    <relPosition x="50" y="50"/>
                  </connectionPointOut>
                </variable>
              </outputVariables>
            </block>
            <inVariable localId="96" width="50" height="30" negated="false" executionOrderId="0">
              <position x="400" y="930"/>
              <connectionPointOut>
                <relPosition x="50" y="10"/>
              </connectionPointOut>
              <expression>Timer</expression>
            </inVariable>
            <coil localId="97" negated="false" storage="set" width="21" height="20" executionOrderId="0">
              <position x="610" y="950"/>
              <connectionPointIn>
                <relPosition x="0" y="10"/>
                <connection refLocalId="95" formalParameter="Q">
                  <position x="610" y="960"/>
                  <position x="585" y="960"/>
                  <position x="585" y="920"/>
                  <position x="520" y="920"/>
                </connection>
              </connectionPointIn>
              <connectionPointOut>
                <relPosition x="21" y="10"/>
              </connectionPointOut>
              <variable>LED1</variable>
            </coil>
            <coil localId="98" negated="false" storage="reset" width="21" height="20" executionOrderId="0">
              <position x="610" y="990"/>
              <connectionPointIn>
                <relPosition x="0" y="10"/>
                <connection refLocalId="99" formalParameter="Q">
                  <position x="610" y="1000"/>
                  <position x="520" y="1000"/>
                </connection>
              </connectionPointIn>
              <connectionPointOut>
                <relPosition x="21" y="10"/>
              </connectionPointOut>
              <variable>LED1</variable>
            </coil>
            <block localId="99" typeName="TON" instanceName="TON9" width="50" height="60" executionOrderId="0">
              <position x="470" y="970"/>
              <inputVariables>
                <variable formalParameter="IN">
                  <connectionPointIn>
                    <relPosition x="0" y="30"/>
                    <connection refLocalId="100">
                      <position x="470" y="1000"/>
                      <position x="381" y="1000"/>
                    </connection>
                  </connectionPointIn>
                </variable>
                <variable formalParameter="PT">
                  <connectionPointIn>
                    <relPosition x="0" y="50"/>
                    <connection refLocalId="105">
                      <position x="470" y="1020"/>
                      <position x="450" y="1020"/>
                    </connection>
                  </connectionPointIn>
                </variable>
              </inputVariables>
              <inOutVariables/>
              <outputVariables>
                <variable formalParameter="Q">
                  <connectionPointOut>
                    <relPosition x="50" y="30"/>
                  </connectionPointOut>
                </variable>
                <variable formalParameter="ET">
                  <connectionPointOut>
                    <relPosition x="50" y="50"/>
                  </connectionPointOut>
                </variable>
              </outputVariables>
            </block>
            <contact localId="100" negated="true" width="21" height="20" executionOrderId="0">
              <position x="360" y="990"/>
              <connectionPointIn>
                <relPosition x="0" y="10"/>
                <connection refLocalId="101">
                  <position x="360" y="1000"/>
                  <position x="331" y="1000"/>
                </connection>
                <connection refLocalId="101">
                  <position x="360" y="1000"/>
                  <position x="331" y="1000"/>
                </connection>
                <connection refLocalId="101">
                  <position x="360" y="1000"/>
                  <position x="331" y="1000"/>
                </connection>
              </connectionPointIn>
              <connectionPointOut>
                <relPosition x="21" y="10"/>
              </connectionPointOut>
              <variable>VA1</variable>
            </contact>
            <contact localId="101" negated="true" width="21" height="20" executionOrderId="0">
              <position x="310" y="990"/>
              <connectionPointIn>
                <relPosition x="0" y="10"/>
                <connection refLocalId="102">
                  <position x="310" y="1000"/>
                  <position x="281" y="1000"/>
                </connection>
              </connectionPointIn>
              <connectionPointOut>
                <relPosition x="21" y="10"/>
              </connectionPointOut>
              <variable>LED4</variable>
            </contact>
            <contact localId="102" negated="true" width="21" height="20" executionOrderId="0">
              <position x="260" y="990"/>
              <connectionPointIn>
                <relPosition x="0" y="10"/>
                <connection refLocalId="103">
                  <position x="260" y="1000"/>
                  <position x="231" y="1000"/>
                </connection>
              </connectionPointIn>
              <connectionPointOut>
                <relPosition x="21" y="10"/>
              </connectionPointOut>
              <variable>LED3</variable>
            </contact>
            <contact localId="103" negated="true" width="21" height="20" executionOrderId="0">
              <position x="210" y="990"/>
              <connectionPointIn>
                <relPosition x="0" y="10"/>
                <connection refLocalId="104">
                  <position x="210" y="1000"/>
                  <position x="181" y="1000"/>
                </connection>
              </connectionPointIn>
              <connectionPointOut>
                <relPosition x="21" y="10"/>
              </connectionPointOut>
              <variable>LED2</variable>
            </contact>
            <contact localId="104" negated="false" width="21" height="20" executionOrderId="0">
              <position x="160" y="990"/>
              <connectionPointIn>
                <relPosition x="0" y="10"/>
                <connection refLocalId="51">
                  <position x="160" y="1000"/>
                  <position x="130" y="1000"/>
                </connection>
              </connectionPointIn>
              <connectionPointOut>
                <relPosition x="21" y="10"/>
              </connectionPointOut>
              <variable>LED1</variable>
            </contact>
            <inVariable localId="105" width="50" height="30" negated="false" executionOrderId="0">
              <position x="400" y="1010"/>
              <connectionPointOut>
                <relPosition x="50" y="10"/>
              </connectionPointOut>
              <expression>Timer</expression>
            </inVariable>
            <contact localId="107" negated="true" width="21" height="20" executionOrderId="0">
              <position x="360" y="1070"/>
              <connectionPointIn>
                <relPosition x="0" y="10"/>
                <connection refLocalId="108">
                  <position x="360" y="1080"/>
                  <position x="331" y="1080"/>
                </connection>
                <connection refLocalId="108">
                  <position x="360" y="1080"/>
                  <position x="331" y="1080"/>
                </connection>
              </connectionPointIn>
              <connectionPointOut>
                <relPosition x="21" y="10"/>
              </connectionPointOut>
              <variable>VA1</variable>
            </contact>
            <contact localId="108" negated="true" width="21" height="20" executionOrderId="0">
              <position x="310" y="1070"/>
              <connectionPointIn>
                <relPosition x="0" y="10"/>
                <connection refLocalId="109">
                  <position x="310" y="1080"/>
                  <position x="281" y="1080"/>
                </connection>
              </connectionPointIn>
              <connectionPointOut>
                <relPosition x="21" y="10"/>
              </connectionPointOut>
              <variable>LED4</variable>
            </contact>
            <contact localId="109" negated="true" width="21" height="20" executionOrderId="0">
              <position x="260" y="1070"/>
              <connectionPointIn>
                <relPosition x="0" y="10"/>
                <connection refLocalId="110">
                  <position x="260" y="1080"/>
                  <position x="231" y="1080"/>
                </connection>
              </connectionPointIn>
              <connectionPointOut>
                <relPosition x="21" y="10"/>
              </connectionPointOut>
              <variable>LED3</variable>
            </contact>
            <contact localId="110" negated="true" width="21" height="20" executionOrderId="0">
              <position x="210" y="1070"/>
              <connectionPointIn>
                <relPosition x="0" y="10"/>
                <connection refLocalId="111">
                  <position x="210" y="1080"/>
                  <position x="181" y="1080"/>
                </connection>
              </connectionPointIn>
              <connectionPointOut>
                <relPosition x="21" y="10"/>
              </connectionPointOut>
              <variable>LED2</variable>
            </contact>
            <contact localId="111" negated="true" width="21" height="20" executionOrderId="0">
              <position x="160" y="1070"/>
              <connectionPointIn>
                <relPosition x="0" y="10"/>
                <connection refLocalId="51">
                  <position x="160" y="1080"/>
                  <position x="130" y="1080"/>
                </connection>
              </connectionPointIn>
              <connectionPointOut>
                <relPosition x="21" y="10"/>
              </connectionPointOut>
              <variable>LED1</variable>
            </contact>
            <coil localId="112" negated="false" storage="set" width="21" height="20" executionOrderId="0">
              <position x="610" y="1070"/>
              <connectionPointIn>
                <relPosition x="0" y="10"/>
                <connection refLocalId="113" formalParameter="Q">
                  <position x="610" y="1080"/>
                  <position x="520" y="1080"/>
                </connection>
              </connectionPointIn>
              <connectionPointOut>
                <relPosition x="21" y="10"/>
              </connectionPointOut>
              <variable>LED1</variable>
            </coil>
            <block localId="113" typeName="TON" instanceName="TON10" width="50" height="60" executionOrderId="0">
              <position x="470" y="1050"/>
              <inputVariables>
                <variable formalParameter="IN">
                  <connectionPointIn>
                    <relPosition x="0" y="30"/>
                    <connection refLocalId="107">
                      <position x="470" y="1080"/>
                      <position x="381" y="1080"/>
                    </connection>
                  </connectionPointIn>
                </variable>
                <variable formalParameter="PT">
                  <connectionPointIn>
                    <relPosition x="0" y="50"/>
                    <connection refLocalId="114">
                      <position x="470" y="1100"/>
                      <position x="450" y="1100"/>
                    </connection>
                  </connectionPointIn>
                </variable>
              </inputVariables>
              <inOutVariables/>
              <outputVariables>
                <variable formalParameter="Q">
                  <connectionPointOut>
                    <relPosition x="50" y="30"/>
                  </connectionPointOut>
                </variable>
                <variable formalParameter="ET">
                  <connectionPointOut>
                    <relPosition x="50" y="50"/>
                  </connectionPointOut>
                </variable>
              </outputVariables>
            </block>
            <inVariable localId="114" width="50" height="30" negated="false" executionOrderId="0">
              <position x="400" y="1090"/>
              <connectionPointOut>
                <relPosition x="50" y="10"/>
              </connectionPointOut>
              <expression>Timer</expression>
            </inVariable>
          </LD>
        </body>
        <documentation>
          <xhtml:p><![CDATA[Chenillard]]></xhtml:p>
        </documentation>
      </pou>
    </pous>
  </types>
  <instances>
    <configurations>
      <configuration name="Config0">
        <resource name="Res0">
          <task name="task0" priority="0" interval="T#20ms">
            <pouInstance name="instance0" typeName="chenillard"/>
          </task>
        </resource>
      </configuration>
    </configurations>
  </instances>
</project>
